user_id,avg_amount,std_amount
1,4230.083333333333,5225.985461294995
3,3400.0,4078.3983784487423
2,2794.0,4595.887291916546
