room_id,total_kwh
1,10.799999999999999
4,6.300000000000001
2,4.38
3,0.9
